Dahili_uydu_alici,Ekran_Boyutu,Garanti_Tipi,Goruntu_Kalitesi,Goruntuleme_Teknolojisi,Smart_TV,Cozunurluk,Fiyat
0,3,11,4,2,1,1,3589.0
0,3,15,4,2,0,6,4385.77
0,4,16,0,2,0,6,16840.0
0,4,11,3,2,0,2,6499.0
0,3,11,4,2,0,1,3539.0
0,4,19,3,2,0,2,7440.0
0,4,15,0,2,0,3,16900.0
0,4,11,0,2,0,3,9799.0
0,4,16,0,2,0,3,23999.0
0,3,19,4,2,1,1,3849.0
0,4,15,0,2,0,3,11500.0
0,1,19,0,2,0,3,16499.0
0,4,22,0,2,0,3,13685.0
0,3,19,4,2,0,1,3849.0
0,4,19,0,2,0,3,9860.0
0,1,15,0,2,0,6,15199.0
0,4,15,0,2,0,3,10949.0
0,4,12,0,2,0,3,18300.0
0,4,9,0,2,0,3,15595.0
0,4,3,0,2,0,3,8849.0
0,1,22,0,2,0,3,21710.0
0,4,22,0,2,0,3,12499.0
0,4,15,3,2,0,2,6799.0
0,3,21,4,2,0,1,4157.65
0,4,12,0,2,0,3,26900.0
0,3,15,4,2,0,1,4949.0
0,4,15,3,2,0,2,6599.0
0,3,23,4,2,0,1,4279.0
0,4,1,0,2,0,3,12439.0
0,4,22,0,2,0,3,14998.0
0,4,9,0,2,0,6,27799.0
0,3,13,4,2,0,1,5313.0
0,4,5,0,0,0,6,12749.0
0,3,15,4,2,0,1,4999.0
0,1,22,0,4,0,3,23220.0
0,4,23,3,2,0,2,6099.0
0,4,7,3,2,0,6,6999.0
0,3,15,4,2,1,6,3399.0
0,3,17,4,1,1,1,3699.0
0,4,13,0,2,0,3,11125.0
0,4,19,0,2,0,3,9969.0
0,1,15,0,4,0,3,28999.0
0,1,18,0,2,0,3,99999.0
0,4,19,0,2,1,3,10250.0
0,3,15,3,2,0,2,6950.0
0,1,9,0,2,0,6,31990.0
0,4,5,0,0,0,3,13399.0
0,4,13,3,2,0,3,8849.0
0,4,19,0,2,0,3,12199.0
0,4,15,0,2,0,3,16900.0
0,2,16,0,4,0,6,339000.0
0,3,16,4,2,0,1,8728.0
0,4,22,0,2,0,6,12740.0
1,3,15,4,2,1,1,2499.0
0,4,22,0,2,0,3,12016.27
0,4,15,0,2,0,3,13399.0
1,1,12,0,2,0,3,37999.0
0,4,16,0,2,0,3,17850.0
1,4,12,0,2,0,3,25000.33
0,1,8,0,2,0,3,19659.0
0,4,9,0,2,0,6,23999.0
0,3,15,4,2,0,1,4127.94
0,4,5,0,2,0,3,15499.0
0,4,16,0,2,0,3,21690.0
0,1,22,0,2,0,3,20825.0
0,4,11,0,2,0,3,9499.0
0,1,15,0,4,0,3,32249.99
0,4,22,0,2,0,4,9399.0
0,3,2,4,2,1,1,3699.0
0,4,22,3,2,1,2,7849.0
0,1,15,0,2,0,3,23399.0
0,1,11,0,2,0,3,22699.0
0,4,22,3,2,0,2,7900.0
0,1,15,0,1,0,6,19200.0
0,1,23,0,2,0,3,18801.0
0,4,15,3,2,0,3,13875.0
0,4,9,0,3,0,3,25800.0
0,1,15,0,4,0,6,28170.0
0,4,15,3,2,0,2,6139.0
0,4,22,0,2,0,3,11808.0
0,4,16,0,2,0,3,17979.0
0,3,17,4,2,1,1,4999.0
0,4,15,0,4,0,3,19500.0
0,1,15,0,2,0,3,26890.0
0,4,15,3,2,0,2,6799.0
0,4,15,0,4,0,3,24699.0
0,3,13,4,2,1,1,4400.0
0,4,15,0,1,1,6,15999.0
0,4,15,3,2,0,2,5599.0
0,4,5,0,2,0,6,10899.0
0,4,19,3,2,0,2,7289.99
0,4,22,0,4,0,3,17800.0
0,4,15,0,2,0,3,8799.0
0,1,16,0,2,0,3,31049.0
0,4,22,3,2,1,1,5999.0
0,1,22,0,1,0,6,18400.0
0,1,15,0,1,0,6,22890.0
0,4,3,3,2,0,3,10499.0
0,4,2,0,2,0,3,12999.0
0,4,5,0,0,0,6,11200.0
0,1,9,0,5,0,6,39998.0
0,4,11,0,2,0,2,9499.0
0,4,22,3,1,0,3,7999.0
0,1,16,0,4,0,3,37528.0
0,4,9,0,5,0,3,23999.0
0,1,9,0,5,0,3,54149.0
0,4,15,0,2,0,3,11399.0
0,4,22,0,2,0,3,13435.0
0,4,13,3,2,0,6,11999.0
0,1,12,0,3,0,6,59999.0
0,1,5,0,2,0,6,15499.0
0,4,15,0,1,1,6,10569.0
0,3,15,3,2,1,2,2999.0
1,3,12,4,2,1,6,4984.0
0,4,1,3,2,1,2,6799.0
0,1,15,0,2,0,6,25450.0
1,3,23,3,2,1,0,2650.0
0,4,12,0,2,0,3,15399.0
0,2,15,0,4,0,3,136940.0
0,1,12,0,2,0,4,32999.0
0,4,16,0,4,0,3,37765.0
0,1,15,0,2,0,6,31999.0
0,4,16,0,2,0,6,21899.0
0,4,12,0,2,0,3,22890.0
0,4,15,0,2,0,3,15990.0
0,2,16,0,4,0,6,314999.0
0,4,7,0,2,0,3,18500.0
0,2,15,3,2,0,3,278999.0
0,4,15,3,2,0,6,9490.0
0,3,22,4,2,1,1,4799.0
0,4,16,3,2,0,2,11399.0
0,4,6,0,4,0,3,32999.0
0,1,22,0,2,0,3,18799.0
1,4,12,0,2,0,3,33500.0
0,4,15,0,2,0,6,19399.0
0,4,1,0,2,0,3,8980.0
0,3,19,4,2,1,1,4200.0
0,4,1,3,2,0,2,7829.0
0,4,5,3,0,0,6,8250.0
0,4,22,0,2,0,3,9894.99
0,4,16,0,2,0,3,15499.0
0,4,15,0,1,0,6,9979.0
0,4,16,0,2,0,3,23929.0
0,4,22,0,2,0,3,15450.0
0,4,13,3,2,1,2,7590.0
0,4,1,3,2,1,2,6800.0
0,1,15,0,2,0,3,36999.0
0,4,16,0,2,0,6,16840.0
0,4,15,0,2,0,6,8999.0
0,4,15,3,2,1,2,8299.0
0,1,9,0,4,0,6,39199.0
0,4,11,0,2,0,3,9399.0
0,3,23,4,2,1,1,3100.0
0,3,15,4,2,0,6,3583.75
0,4,15,0,2,0,3,9850.0
0,4,11,0,2,0,3,13300.0
0,4,4,0,2,0,6,12679.0
0,4,15,0,2,0,3,18499.0
0,1,17,0,1,0,3,15999.0
0,4,8,0,2,0,3,16499.0
0,4,10,0,2,0,3,11761.65
0,4,12,0,2,0,3,15554.5
0,4,13,3,2,0,2,7500.0
0,4,3,0,2,0,3,12899.0
0,4,5,0,0,0,6,12199.0
0,4,12,0,2,0,3,18699.0
0,4,12,0,2,0,3,21999.0
0,4,12,0,2,0,3,22099.0
0,4,8,0,2,0,3,14395.0
0,3,12,4,2,0,1,7599.0
0,4,16,0,2,0,3,25080.0
0,4,11,3,2,0,2,6719.0
0,4,15,0,4,0,6,19330.0
0,4,9,0,2,0,3,17599.0
0,1,15,0,4,0,3,26117.13
1,4,7,0,2,0,6,10099.0
0,4,22,0,4,0,3,13999.0
0,4,15,0,1,0,6,10999.0
0,4,1,0,2,0,3,12550.0
0,4,21,3,2,0,2,6399.0
0,4,15,0,2,0,3,12550.0
0,4,22,0,2,0,3,13499.0
0,4,1,3,2,1,2,8599.0
0,3,1,3,2,0,6,7350.0
0,4,1,0,2,0,3,15699.0
0,4,9,0,3,0,3,45739.0
0,4,5,0,4,0,6,16360.0
0,3,22,3,2,0,2,5509.0
0,4,12,0,2,0,3,20818.33
0,4,4,0,2,0,3,17999.0
0,3,23,4,2,1,6,3399.0
0,4,23,4,2,1,6,6299.0
0,4,1,3,2,1,2,9499.0
0,1,7,0,2,0,6,25000.0
1,3,15,4,2,1,6,2899.0
0,1,22,0,2,0,3,20999.0
0,3,15,4,2,0,1,3949.0
0,4,15,0,2,0,3,19949.0
0,3,11,3,2,1,6,4199.0
0,3,7,4,2,1,1,3999.0
0,4,22,0,2,0,3,9999.0
0,4,5,3,2,0,6,8947.35
0,3,22,4,2,1,1,4489.0
0,1,22,0,2,0,3,21150.0
0,4,15,3,2,1,2,5399.0
0,3,22,4,2,0,1,5590.99
0,4,13,0,2,0,3,14749.0
0,1,12,0,2,0,3,33999.0
1,0,1,3,2,1,2,13299.0
0,4,15,0,2,0,6,17699.0
0,4,1,0,2,0,3,11300.0
0,4,13,0,2,0,3,12749.0
0,1,13,0,2,0,3,19250.0
0,4,10,0,2,0,3,10299.0
1,3,15,4,2,0,1,6199.0
0,4,15,0,2,0,4,9500.0
0,4,22,3,2,0,2,7894.99
0,2,15,0,1,0,6,27899.0
0,4,19,3,2,1,2,8999.0
0,1,6,0,4,0,3,44299.0
0,4,12,0,2,0,4,18799.0
0,4,19,3,2,0,6,6999.0
0,3,23,4,2,0,0,4324.0
0,4,8,0,2,0,3,13000.0
0,4,22,4,2,1,3,12299.0
0,4,22,0,1,0,3,8699.0
0,3,5,3,0,1,6,2899.0
0,1,15,0,1,0,6,27699.0
0,4,5,0,2,0,6,14444.0
0,1,7,0,3,0,3,20000.0
0,1,4,0,2,0,3,25999.0
0,1,15,0,2,0,6,21399.0
0,4,15,0,4,0,3,22685.0
0,4,16,0,2,0,3,21199.0
0,4,1,0,2,0,3,21599.0
0,3,22,3,2,0,6,7795.0
0,1,12,0,2,0,3,36099.0
0,4,22,0,2,0,3,16480.0
0,1,9,0,3,0,6,325199.0
0,1,9,0,2,0,3,58995.0
0,1,12,0,2,0,3,99899.99
0,4,22,0,2,0,3,11699.0
0,3,22,4,2,1,1,5015.62
0,1,9,0,5,0,3,46220.0
0,1,16,0,2,0,3,34999.0
0,1,16,0,2,0,3,52790.0
0,4,15,0,1,0,6,12299.0
0,4,1,0,2,0,3,17299.0
0,3,15,4,2,1,1,4299.0
0,1,15,0,2,0,6,22221.0
0,1,15,0,2,0,6,20999.0
0,4,12,0,2,0,6,13999.0
0,4,1,3,2,0,2,11599.0
0,4,22,0,2,0,3,11499.0
1,4,15,0,4,0,3,24389.0
0,4,15,0,2,0,6,23873.0
1,3,23,4,2,1,6,2819.61
0,4,7,0,2,0,3,13799.0
0,4,1,3,2,0,6,10346.0
0,4,1,3,2,0,2,9499.0
1,3,1,3,2,1,2,4431.22
0,1,9,0,3,0,6,67750.0
0,3,15,4,2,0,1,5155.0
0,1,15,0,2,0,3,26999.0
0,4,22,3,2,0,2,9250.0
0,4,22,0,2,0,3,10899.0
0,1,1,0,2,0,3,29999.0
0,4,22,4,2,1,1,6450.0
0,4,4,0,2,0,6,15999.0
0,4,8,0,2,0,6,14449.0
0,4,15,0,4,0,3,34990.0
0,4,12,0,2,0,3,17499.0
0,4,16,0,2,1,4,16850.0
0,4,15,0,2,0,3,17949.0
0,1,15,0,3,0,6,140000.0
0,4,23,3,2,1,6,6999.0
0,4,12,0,2,0,3,24999.0
0,4,23,3,2,0,2,5999.0
0,1,15,1,4,0,5,69150.0
0,2,15,0,4,0,6,200565.0
0,4,22,0,2,0,3,11979.0
0,1,12,0,2,0,3,40250.0
0,4,15,0,2,0,6,19599.0
0,1,22,0,4,0,6,23500.0
0,1,1,0,2,0,3,17850.0
0,4,15,3,2,0,2,6777.4
0,4,22,0,4,0,3,19299.0
0,1,15,0,2,0,3,34999.0
0,3,5,4,2,0,6,5510.0
0,3,7,3,2,0,6,5199.0
0,1,5,3,3,0,6,136999.0
0,4,4,3,2,1,6,9999.0
0,1,15,0,2,0,6,72849.0
0,4,9,0,5,0,6,34379.0
0,4,15,0,2,0,3,18750.0
0,4,3,3,2,0,2,7289.99
0,3,15,4,2,1,6,2940.96
0,4,4,0,2,0,3,17499.0
0,4,15,0,1,0,6,10800.0
0,4,16,0,2,1,3,20250.0
0,1,16,1,4,0,5,239900.0
0,4,15,0,2,0,3,14999.0
0,3,11,4,2,0,1,4599.0
0,1,16,0,2,0,3,34999.0
0,3,1,4,2,1,1,5449.0
0,1,22,0,2,1,3,15899.0
0,4,15,0,2,0,3,19999.0
0,4,22,0,1,0,6,19749.0
0,4,9,0,2,0,6,15999.0
0,4,22,0,2,0,3,11199.0
0,4,14,3,2,0,2,8750.0
0,4,15,1,4,0,5,55900.0
1,3,15,4,2,1,1,2699.0
0,4,22,0,1,0,3,18000.0
0,1,16,0,4,0,3,46999.0
0,3,22,4,2,0,1,6036.99
0,4,9,0,2,0,3,26700.0
1,1,15,0,2,0,3,23499.0
0,4,16,0,4,0,3,24999.0
0,3,15,4,2,1,1,3999.0
0,4,1,0,2,0,3,18599.0
0,4,16,0,3,0,3,35900.0
0,4,15,3,2,0,2,7799.0
0,4,22,0,1,0,3,14599.0
0,4,15,0,2,0,3,9989.0
0,4,15,0,2,0,6,11949.0
1,4,8,0,2,0,6,18399.0
0,4,23,0,2,0,3,21000.0
0,1,19,4,2,0,3,17999.0
0,4,8,0,2,0,5,19499.0
0,4,12,0,2,0,3,18429.03
0,4,22,0,2,0,3,13999.0
0,4,7,0,2,0,3,17500.0
0,4,15,0,1,0,2,12750.0
0,4,22,0,2,0,3,11499.0
0,4,9,0,2,0,3,19290.0
0,2,15,0,1,0,6,25000.0
0,4,8,0,2,0,6,10789.0
0,4,22,0,4,0,3,14899.0
0,4,15,0,2,0,3,15598.0
1,3,23,4,2,0,1,11999.0
0,4,5,0,0,0,6,14999.0
0,4,16,0,2,0,6,29018.0
0,4,1,0,2,0,6,24499.0
0,4,15,0,2,0,3,25449.0
0,3,11,3,2,0,6,12999.0
0,1,1,0,3,0,4,44499.0
0,4,15,3,2,0,6,11200.0
0,4,1,0,2,0,3,24399.0
0,4,9,0,2,0,3,22990.0
0,4,15,3,2,0,1,7499.0
1,3,15,4,2,1,6,4498.0
0,4,15,0,2,0,3,23000.0
0,3,2,4,2,1,1,3799.0
0,3,4,3,2,0,6,6839.0
0,1,22,0,4,0,6,27999.0
0,4,11,3,2,0,2,6999.0
0,1,15,0,2,0,6,20599.0
0,4,15,0,3,0,6,37499.0
0,1,1,0,2,0,3,35359.0
0,1,8,0,2,0,6,32999.0
0,2,23,3,2,1,6,23499.26
0,1,15,1,4,0,6,73699.0
0,3,1,4,2,1,1,6599.0
0,4,1,0,2,0,3,20000.0
0,4,15,0,2,0,6,32599.0
0,4,22,0,2,0,3,13999.0
0,1,16,0,4,0,6,44100.0
0,4,17,3,1,0,3,13806.45
0,3,10,4,2,0,1,4799.0
0,4,15,0,3,0,6,36549.0
0,1,22,0,4,0,3,24133.23
1,3,16,4,2,1,6,10799.0
1,3,22,4,2,0,6,5900.0
0,3,23,4,2,0,1,3830.0
0,3,21,4,2,1,1,3599.0
0,1,22,0,2,0,3,30319.0
1,3,15,4,1,0,6,4899.0
0,4,20,3,2,0,6,12499.0
0,1,9,1,3,0,6,303099.0
1,4,16,0,3,0,6,56305.0
0,1,9,0,2,0,3,34990.0
0,4,22,0,2,0,3,6999.9
0,4,15,0,2,0,3,11499.0
0,1,22,0,3,0,3,44800.0
0,1,17,0,1,0,3,24899.0
0,4,0,0,2,0,3,8499.0
0,4,22,0,2,0,3,12450.0
0,4,22,0,4,0,3,13999.0
0,1,5,0,3,0,6,42899.0
0,4,22,0,2,0,3,12800.0
0,4,15,3,2,0,6,6199.0
0,1,15,0,2,0,6,78999.0
0,4,15,0,2,0,6,10468.0
0,3,15,4,2,0,6,9821.99
0,4,12,0,2,0,3,27900.0
0,4,1,0,2,0,3,18000.0
0,4,15,0,2,0,3,19999.0
0,3,22,4,2,1,1,3999.0
0,4,22,0,3,0,3,11999.0
0,4,5,3,2,0,6,8899.0
0,4,22,0,2,0,3,13999.0
0,4,15,0,2,0,3,12699.0
0,4,19,0,2,0,3,12999.0
0,4,1,0,2,0,2,18999.0
0,4,19,0,2,0,3,12500.0
0,4,15,4,2,1,1,5499.9
0,4,12,0,2,0,3,30500.0
0,3,4,4,2,1,0,5349.0
0,4,1,3,2,0,2,10499.0
0,4,12,3,2,0,2,11842.33
0,1,15,0,4,0,3,40999.0
0,4,4,3,2,1,6,10899.0
0,1,9,0,4,0,6,57689.0
0,4,22,0,2,0,3,16999.0
1,1,16,0,4,0,3,70899.0
0,4,5,0,4,0,6,11999.0
0,4,8,0,2,0,6,18000.0
0,1,12,0,2,0,3,31999.0
1,0,15,2,2,1,6,13399.0
0,1,17,3,1,0,3,19350.45
0,4,15,0,2,0,6,12690.0
0,4,15,0,2,0,6,17950.0
0,4,5,0,4,0,6,11500.0
0,4,5,3,2,1,6,7500.0
1,1,12,0,2,0,3,62999.0
0,4,9,0,2,0,6,24599.0
0,4,5,3,0,0,6,10400.0
1,4,9,0,3,0,6,63129.99
0,3,17,4,2,1,1,3499.0
0,3,19,4,2,1,1,4299.0
0,1,12,0,3,0,6,80000.0
0,4,21,0,2,0,3,11500.0
0,4,22,0,1,0,3,8499.0
0,1,4,0,2,0,3,25300.0
0,3,3,4,2,0,1,4979.0
0,1,8,0,2,0,3,29999.0
0,1,9,0,3,0,3,162609.0
0,3,19,4,2,1,1,3800.0
0,4,15,0,2,0,6,16738.0
0,1,9,0,3,0,3,162609.0
0,3,19,4,2,1,1,3800.0
0,4,15,0,2,0,6,16738.0
0,3,15,3,2,1,6,3490.0
0,4,8,0,2,0,3,11999.0
0,4,5,0,4,0,6,32758.61
0,1,22,3,2,0,3,29800.0
0,3,17,4,2,1,6,2999.0
0,4,5,0,3,0,6,49699.0
0,3,12,4,2,1,1,6790.0
0,4,12,0,2,0,3,27399.0
0,4,15,0,2,0,3,16350.0
0,2,15,3,2,0,3,84999.0
0,4,5,0,2,0,6,10199.0
0,1,1,0,2,0,3,32500.0
0,1,12,0,3,0,6,60000.0
0,4,5,0,2,0,6,11700.0
0,4,12,3,2,1,2,10990.0
1,3,15,0,2,0,3,16500.0
0,4,23,3,2,0,6,6479.0
0,4,15,0,2,0,6,10199.0
0,1,22,0,4,0,3,26319.0
0,4,9,0,2,0,3,19994.0
0,4,19,3,2,0,2,7200.0
0,4,3,0,2,0,6,10414.99
0,3,1,4,2,0,1,9199.0
0,3,15,3,2,0,2,6899.0
0,1,12,0,2,0,6,42499.0
0,1,15,0,2,0,6,78999.0
0,4,22,0,2,0,3,12749.0
0,4,7,0,1,0,3,14999.0
0,4,1,0,2,0,3,18000.0
0,3,15,4,2,1,1,3799.0
0,1,16,0,4,0,3,60990.0
0,3,22,3,2,0,3,13999.0
0,1,22,0,2,0,3,21699.0
0,1,17,0,1,0,3,24899.0
0,4,15,0,2,0,3,14500.0
0,3,1,4,2,0,1,5899.0
0,1,9,0,5,0,3,78499.0
0,4,12,3,2,1,6,9900.0
0,4,9,0,3,0,6,50999.0
0,1,16,0,2,0,3,47990.0
0,4,15,0,1,0,6,11499.0
1,3,23,4,2,1,6,999.0
1,1,16,0,4,0,6,110400.0
0,1,15,0,1,0,6,14799.0
0,4,15,0,2,0,3,11799.0
0,3,22,3,2,1,2,6499.0
0,4,22,0,2,0,3,12199.0
1,4,15,0,4,0,3,21000.0
0,1,12,0,2,0,3,30000.0
0,4,4,0,0,0,6,17999.0
0,4,16,0,2,0,6,23500.0
0,1,6,0,2,0,3,27503.82
0,4,15,0,1,0,6,8599.0
0,4,5,0,2,0,6,10199.0
0,4,15,0,2,0,3,11499.0
0,1,22,0,2,0,6,20999.0
0,3,15,4,2,0,6,7749.0
0,4,15,0,1,0,6,16399.0
0,1,15,0,4,0,6,69799.0
0,1,15,0,2,0,3,49999.0
0,1,12,0,3,0,6,80000.0
0,1,4,0,2,0,3,25300.0
1,1,16,0,4,0,3,70899.0
0,1,9,0,2,0,6,42999.0
0,4,15,0,2,0,6,14398.0
0,4,15,4,2,1,1,5499.9
0,1,15,0,2,0,6,59999.0
0,3,15,4,2,0,1,4299.0
1,4,16,0,3,0,6,56305.0
1,3,23,3,2,1,6,2999.0
0,3,23,0,2,0,1,5890.0
0,4,7,0,2,0,2,14500.0
0,4,17,3,2,0,3,14899.0
0,3,22,4,2,1,1,4799.0
0,4,5,0,2,0,6,10999.0
0,4,22,0,2,0,3,15495.0
1,3,22,3,2,1,2,6499.0
0,1,15,0,2,0,3,22999.0
0,4,15,3,2,1,6,16999.0
0,4,12,0,2,0,3,18000.0
0,1,16,1,4,0,5,89799.0
0,1,15,0,3,0,3,51891.0
0,4,9,0,2,0,3,17399.0
0,1,9,0,3,0,6,63499.0
0,4,13,4,2,1,1,6850.0
0,3,11,3,2,0,6,11999.0
0,4,15,0,5,0,3,22999.0
0,4,17,3,2,0,2,8175.0
0,4,15,0,4,0,6,31000.0
0,3,15,4,2,1,2,3999.0
0,4,15,0,2,0,3,22000.0
0,4,9,0,5,0,3,36779.49
0,1,15,0,4,0,3,47500.0
0,4,22,0,2,0,3,12749.0
0,4,22,0,2,0,3,14999.0
0,4,22,0,2,0,3,19699.0
0,4,7,3,2,0,2,7499.0
0,4,12,0,2,0,3,8250.0
0,3,22,4,2,0,1,5100.0
0,4,15,0,2,0,3,17250.0
0,4,15,0,4,0,3,21155.85
0,1,16,0,2,0,3,33659.0
0,1,16,0,2,0,6,40879.0
0,4,5,3,2,0,6,8500.0
0,3,15,4,2,1,1,3870.0
0,1,15,0,2,0,3,22699.0
0,4,12,0,2,0,3,45000.0
0,4,5,3,2,0,6,12499.0
0,3,15,4,2,1,6,5501.0
0,4,16,0,2,1,3,21440.0
0,4,22,3,2,0,2,9899.0
0,3,5,4,2,1,1,5249.0
0,4,15,0,2,0,3,12999.0
0,1,16,0,2,0,3,122100.0
0,4,23,0,2,0,3,11900.0
0,3,7,3,2,1,1,4899.99
0,3,5,4,0,0,6,6599.0
0,3,7,3,2,1,2,5179.9
0,3,5,3,0,1,6,6049.0
0,4,1,3,2,0,2,11649.0
0,4,5,3,2,1,6,7500.0
0,4,15,0,3,0,3,37000.0
0,4,22,0,2,0,3,13400.0
0,3,1,4,2,0,2,8899.0
0,4,23,0,2,0,6,44000.0
0,4,22,3,2,0,2,8899.0
0,4,19,0,2,0,3,10499.0
0,3,15,3,2,1,1,3950.0
0,3,10,4,2,1,1,3999.0
0,4,19,0,2,0,3,12499.0
0,4,22,0,2,0,3,17499.0
0,4,17,0,2,0,6,11990.0
0,4,11,0,2,1,6,15995.0
0,1,15,0,4,0,6,35500.0
0,4,15,0,2,0,3,14500.0
0,1,15,0,1,0,6,14659.6
0,3,15,0,1,0,6,10999.0
0,4,22,3,2,0,2,6680.0
0,4,5,0,5,0,6,21999.0
0,3,22,4,2,0,1,8399.0
0,1,22,0,2,0,4,26349.0
0,3,5,0,2,0,6,8999.0
0,1,15,0,3,0,6,99999.0
0,1,4,0,2,0,6,34750.0
0,4,1,0,2,0,3,18499.0
0,1,15,0,1,0,6,21471.82
0,1,22,0,2,0,3,16179.0
1,1,16,0,4,0,6,114999.0
0,4,5,0,4,0,6,20800.0
0,4,15,3,2,0,2,6299.0
0,1,16,1,4,0,6,104999.0
0,4,13,3,2,1,2,9750.0
0,4,15,0,4,0,6,18499.0
0,4,22,0,3,0,3,35999.0
0,4,15,3,2,0,2,10289.0
0,1,15,0,1,0,6,18999.0
0,4,11,0,2,0,3,10250.0
0,4,15,0,2,0,3,12900.0
1,3,5,3,2,1,6,2800.0
0,4,15,0,2,0,3,10779.02
0,4,23,3,2,0,2,6888.0
0,3,15,4,2,1,1,4086.0
0,1,16,0,2,0,3,33499.0
0,4,15,0,2,0,3,11850.0
0,4,21,0,2,0,3,10000.0
0,3,7,4,2,1,1,5998.0
0,4,22,0,1,0,3,8499.0
0,3,23,4,2,0,1,4300.0
0,1,16,1,4,0,6,111000.0
0,3,5,4,2,1,6,5799.0
0,4,15,0,1,0,6,8599.0
0,4,13,3,2,0,2,7700.0
0,4,15,0,2,0,3,10999.0
0,4,17,0,1,0,3,14725.99
0,1,15,0,2,0,3,20799.0
0,4,15,3,2,0,6,7999.0
1,4,23,3,2,0,6,26950.0
0,3,19,3,2,0,2,5100.0
0,1,21,0,2,0,3,45000.0
0,1,5,0,0,0,6,18499.0
0,1,15,0,2,0,3,98799.0
0,4,7,3,2,0,2,7300.0
0,1,5,0,2,0,6,26499.0
1,3,15,3,2,1,6,7278.0
0,3,15,4,2,1,1,4708.0
0,2,16,0,4,0,6,224900.0
0,3,15,3,2,1,2,5789.0
0,3,11,3,2,0,6,15249.0
0,4,1,0,2,0,3,14500.0
0,1,16,0,4,0,3,82250.0
0,1,16,0,3,0,3,81263.0
0,4,22,0,2,0,3,11899.0
0,3,5,0,0,0,6,19799.0
0,4,15,0,3,0,3,48999.0
0,4,15,0,1,0,6,8999.0
0,1,15,0,1,0,6,6218.37
0,3,15,0,2,0,1,8399.0
0,1,12,0,2,0,3,37250.0
0,4,15,0,2,0,3,19900.0
0,3,5,4,2,1,6,6750.0
0,4,23,0,2,0,6,11685.16
0,4,12,0,3,0,3,60000.0
0,4,23,0,2,0,2,7790.0
0,1,16,0,4,0,6,59790.0
0,4,12,0,2,0,2,11299.0
0,4,15,0,2,0,3,25900.0
0,1,12,0,2,0,3,38899.0
0,4,15,0,2,0,6,27422.0
0,4,15,3,2,0,2,9088.88
0,4,15,3,2,0,2,5828.19
0,4,15,0,1,0,2,7799.0
0,3,15,3,2,1,6,7399.0
0,4,15,0,2,0,6,18920.0
0,2,5,0,2,0,6,84999.0
0,4,4,0,0,0,6,16999.0
0,1,15,0,2,0,3,18800.0
0,4,15,0,2,0,3,18499.0
0,1,8,0,2,0,3,31990.0
0,4,1,0,2,0,3,13999.0
0,4,15,3,2,1,2,10999.0
0,4,15,0,5,0,3,34990.0
0,3,4,4,0,0,6,6392.0
0,4,8,0,2,0,3,22890.0
0,4,22,3,2,0,6,11999.0
0,1,15,0,4,0,6,21500.0
0,1,16,0,4,0,3,62750.0
0,1,15,0,2,0,6,43999.0
0,4,19,3,2,0,2,7200.0
0,1,15,0,3,0,6,125499.0
0,4,22,0,2,0,3,17599.0
0,3,15,4,2,1,1,3799.0
0,1,12,0,2,0,6,70000.0
0,4,16,0,3,0,3,64373.97
0,4,15,0,4,0,6,38290.0
0,4,15,0,1,0,6,9480.0
0,3,15,4,2,1,1,3621.84
0,3,23,3,2,1,6,4021.41
0,4,22,0,2,0,3,11250.0
0,3,14,4,2,1,1,3999.0
0,1,3,0,2,0,6,16664.99
0,1,16,0,2,0,6,32990.0
0,1,15,0,0,0,3,63000.0
0,4,16,1,4,0,6,53199.0
0,4,15,0,2,0,3,9354.76
0,3,3,3,4,0,6,7429.99
0,4,22,0,2,0,3,15379.0
0,3,22,4,2,0,1,6299.0
0,1,15,0,2,0,6,25312.0
0,4,5,4,2,0,1,7950.0
0,1,9,0,2,0,6,124999.0
0,3,23,4,2,0,0,4589.0
0,4,23,0,2,0,6,15000.0
0,1,15,3,2,1,6,12438.23
0,4,15,0,2,0,6,37699.0
0,4,15,0,4,0,6,18449.0
0,3,5,4,2,0,1,6725.35
0,4,8,3,2,1,2,8162.0
0,3,15,3,2,1,6,5760.07
0,4,15,3,2,0,3,13000.0
1,3,15,4,2,0,1,6650.0
0,4,19,3,2,1,2,7190.0
0,4,15,0,2,0,3,10993.75
0,4,5,0,2,0,6,32999.0
0,4,15,3,2,0,6,9980.0
0,1,15,0,4,0,6,28849.0
0,1,5,0,2,0,6,28499.0
0,3,21,4,2,0,6,4499.0
0,4,12,0,2,0,3,17900.0
0,4,4,3,2,1,2,9863.0
0,4,5,3,2,0,6,7318.0
0,4,23,0,2,0,6,13039.0
0,4,15,3,2,0,2,11839.0
0,4,15,0,2,0,3,13499.0
0,4,22,0,2,0,3,13999.0
0,1,15,0,2,0,3,38000.0
0,1,15,0,4,0,3,64999.0
0,3,10,3,2,0,6,9534.38
0,3,23,4,2,0,1,4590.0
0,4,15,0,4,0,6,22299.0
0,4,22,0,2,0,3,11599.0
0,4,12,0,2,0,6,59999.0
0,3,15,4,2,1,6,6499.0
0,3,19,4,2,1,1,3565.0
0,3,11,3,2,0,6,5686.0
0,4,16,0,2,0,6,17699.0
0,4,15,0,2,0,3,15000.0
0,1,4,0,2,0,6,29599.0
0,4,22,0,2,0,3,10135.0
0,1,7,0,1,0,3,34900.0
0,1,15,0,1,0,6,21399.0
0,1,1,0,2,0,3,24699.0
0,4,0,0,2,0,3,14899.0
0,4,15,0,1,0,6,15999.0
0,3,15,0,1,0,6,26875.58
0,4,4,0,2,0,4,11499.0
0,4,5,0,4,0,6,14999.0
0,4,17,3,1,0,3,12252.45
0,4,15,0,1,0,6,13999.0
0,4,15,0,2,0,3,19990.0
0,4,5,0,4,0,6,26839.0
0,0,15,3,2,1,2,7749.0
0,1,12,0,2,0,3,83742.0
0,3,10,3,1,0,2,5349.0
1,4,16,0,4,0,6,52500.0
0,3,15,4,2,1,6,4500.0
0,3,23,3,2,0,0,6799.0
0,4,5,0,2,0,6,13999.0
0,4,16,0,4,0,3,47149.0
0,4,15,3,1,0,6,10199.0
0,4,5,0,2,0,6,11149.0
0,4,1,0,2,0,3,13999.0
0,4,5,0,0,0,6,16999.0
0,3,15,4,2,1,1,4999.0
0,4,10,3,1,0,2,6999.0
0,1,15,0,2,0,3,37000.0
0,4,6,3,1,0,6,10399.0
0,1,16,0,2,0,3,60797.0
0,4,22,0,2,0,3,10399.0
1,3,23,3,2,1,1,2999.0
0,4,4,0,3,0,3,38849.0
0,4,15,0,2,0,6,12899.0
0,4,22,0,2,0,3,11989.0
1,3,15,3,2,1,2,2999.0
0,4,9,0,3,0,3,55000.0
0,1,5,0,4,0,6,34800.0
0,4,15,0,2,0,3,16989.0
0,4,15,0,4,0,3,38500.0
0,4,22,0,0,1,3,23800.0
0,4,13,3,2,0,2,8899.0
0,3,15,4,1,1,6,4200.0
0,1,15,0,2,0,6,22999.0
0,4,22,0,3,0,3,30750.0
0,3,15,4,2,0,1,5699.0
0,1,22,0,4,0,3,37999.0
1,3,5,4,2,0,6,9999.0
0,3,15,0,1,0,6,33556.89
0,1,16,0,2,0,3,39999.0
0,4,23,0,2,0,6,14199.0
0,4,11,3,2,0,2,7800.0
0,3,15,3,2,1,2,5000.0
0,3,19,4,2,1,1,4350.0
0,4,9,3,2,0,0,14990.0
0,1,15,0,3,0,6,108489.0
0,4,12,0,2,0,3,33999.0
0,1,22,0,2,0,3,21129.0
0,1,22,0,4,0,3,25559.0
0,4,15,0,2,0,6,12999.0
0,4,5,0,2,0,6,17998.0
0,4,1,3,2,0,6,8259.0
0,4,4,0,2,0,6,24084.0
0,4,11,3,2,0,2,7100.0
0,1,22,0,2,0,3,14999.0
0,4,16,0,2,0,3,28838.97
0,4,15,0,2,1,3,11499.0
0,1,15,0,2,0,3,28000.0
1,1,16,0,3,0,6,124990.0
0,1,6,0,1,0,3,83699.0
0,4,22,0,2,0,3,11850.0
0,4,22,0,2,0,3,12169.0
0,1,15,0,1,0,6,26210.76
0,1,16,0,4,0,3,109900.0
0,3,21,4,2,1,1,3799.0
0,4,16,0,4,0,3,35699.0
0,1,15,0,2,0,3,25000.0
0,3,15,4,2,0,6,4950.0
0,3,22,3,2,0,2,7528.0
0,4,5,0,2,0,6,14025.0
0,1,15,0,2,0,3,29997.0
0,3,4,4,2,1,1,5599.0
0,4,15,0,1,0,3,15000.0
0,1,12,0,3,0,3,80000.0
0,1,21,0,2,0,3,17000.0
1,3,15,4,1,1,6,4649.0
0,4,22,0,2,0,3,12499.0
1,1,15,0,2,0,3,59899.99
0,3,1,4,2,0,2,9350.0
1,0,15,2,2,1,6,6440.0
0,1,22,0,4,0,3,30248.0
0,3,21,4,2,0,1,4499.0
0,4,17,0,2,0,3,12899.0
0,4,15,3,2,0,3,6519.31
0,4,16,0,2,0,3,21946.0
0,4,1,4,2,1,1,7999.0
0,4,22,0,4,0,6,20999.0
0,4,1,0,2,0,3,16500.0
0,1,22,0,2,0,6,23000.0
1,1,16,0,4,0,6,88800.0
0,3,17,4,2,0,1,4399.0
0,3,15,4,2,0,6,6149.0
0,4,5,0,3,0,6,34999.0
0,1,7,0,1,0,3,36398.99
0,4,12,0,2,0,3,58000.0
0,3,4,3,2,1,2,13114.0
0,1,15,0,4,0,6,21999.0
0,4,12,0,3,0,3,49399.0
0,3,15,4,2,1,0,3555.51
0,4,4,0,2,0,3,23399.0
0,4,1,3,2,0,6,10599.0
0,3,23,3,2,0,0,5499.0
0,4,23,3,2,0,2,9500.0
0,4,16,0,2,0,3,20289.97
0,3,11,3,2,0,6,18259.0
1,4,16,0,2,1,6,85000.0
1,1,16,0,3,0,3,73176.0
0,4,19,3,2,0,6,8500.0
0,4,22,0,1,0,3,14499.0
0,4,16,0,4,0,6,53999.0
0,4,8,0,2,0,6,15500.0
0,3,23,4,2,1,0,4500.0
0,4,15,0,4,0,6,17499.0
0,4,15,3,1,0,2,7790.0
0,4,22,0,3,0,6,29999.0
0,4,15,3,2,0,6,7949.0
0,4,11,3,2,0,2,9499.0
0,3,23,4,2,1,1,4250.0
0,4,4,0,2,0,6,19080.0
0,3,15,4,2,1,1,4800.0
0,4,15,0,1,0,3,11000.0
0,4,9,3,2,0,2,24999.0
0,4,15,0,1,0,6,8799.0
0,4,5,3,2,0,6,6559.0
0,1,17,0,2,0,3,17999.0
0,1,16,0,4,0,6,83590.0
0,3,22,4,2,0,1,8399.0
0,4,22,3,2,0,2,11400.0
0,4,1,3,2,1,2,6700.0
0,3,15,3,2,0,6,6820.0
0,0,5,3,2,0,6,9489.0
0,1,22,0,2,1,3,17499.0
0,3,11,3,2,0,6,13299.0
0,4,16,0,2,0,6,16999.0
0,3,15,4,2,1,1,3949.0
0,4,5,0,0,0,6,15999.0
0,4,15,0,2,0,3,16800.0
0,1,14,0,2,0,6,31999.0
0,4,5,3,2,0,6,8299.0
0,3,4,3,2,0,6,8999.0
0,3,15,0,1,0,6,6376.1
0,3,15,3,2,1,6,12753.71
0,3,15,0,1,0,6,8439.75
0,4,15,0,2,0,3,18500.0
0,1,15,0,4,0,6,53729.0
0,4,22,0,2,0,3,13498.0
0,4,15,0,3,0,3,58000.0
0,4,5,0,2,0,6,13500.0
0,3,15,0,1,0,6,7499.0
0,1,15,0,1,0,6,40131.39
0,3,15,4,2,0,6,7699.0
0,4,20,3,2,0,6,13299.0
0,4,5,0,2,0,6,19999.0
0,4,3,0,2,0,6,11249.99
0,4,3,0,2,0,6,13434.99
0,4,5,0,2,0,6,17200.0
0,4,22,0,4,0,3,18500.0
0,4,5,0,0,0,6,13999.0
0,1,15,0,1,0,6,24999.0
0,4,5,0,2,0,6,13999.0
0,4,12,0,2,0,3,18999.0
0,4,8,0,0,0,6,18999.0
0,1,16,0,4,0,3,83290.0
0,4,0,0,2,0,3,11999.0
0,4,22,3,2,1,2,7949.0
0,3,15,4,2,0,1,7200.0
0,4,15,4,2,0,1,8999.0
0,4,15,4,2,0,1,16000.0
0,3,5,4,2,0,6,7299.0
0,4,3,3,2,0,6,10500.0
0,3,19,4,2,1,1,8599.99
0,3,22,4,2,1,1,4777.0
0,4,0,0,2,0,3,12899.0
0,4,22,3,2,0,3,17399.0
0,3,5,4,2,1,6,4199.0
0,3,8,3,2,1,2,6999.0
0,4,15,0,2,0,6,30599.0
0,1,12,0,3,0,6,89995.0
0,3,15,0,1,0,6,38112.33
0,1,9,0,2,0,3,115000.0
0,3,22,4,2,0,1,5499.0
0,1,5,0,0,0,6,3494.42
0,4,15,0,1,0,6,12300.0
0,4,15,0,4,0,6,14489.0
0,4,15,0,2,0,3,19350.0
1,1,15,0,2,1,6,90000.0
0,3,4,3,0,0,6,7882.0
0,3,5,4,2,1,6,4199.0
0,3,5,3,0,0,6,35499.0
0,1,15,0,3,0,3,82000.0
0,3,15,4,2,1,1,3399.0
0,1,14,0,2,0,3,28999.0
0,4,22,0,2,0,3,15600.0
0,3,1,4,2,1,1,5082.0
0,3,15,4,2,1,6,4899.0
0,4,8,0,0,0,6,19999.0
0,4,0,0,2,0,3,10449.0
0,3,17,4,2,0,1,5000.0
0,4,15,0,2,0,3,12499.0
0,4,23,3,2,1,6,8239.0
0,4,22,0,2,0,3,15099.0
0,3,1,3,2,1,2,8028.0
0,4,22,0,2,0,3,13622.0
0,4,22,0,2,0,3,11609.0
0,4,22,0,2,0,3,15929.0
0,4,15,0,1,0,3,16999.0
0,4,8,0,0,0,6,17999.0
0,3,8,3,0,0,6,11999.0
0,4,5,0,0,0,6,19999.0
0,4,5,0,2,0,6,9489.0
0,4,8,0,2,0,3,13498.0
0,3,23,3,2,0,0,11599.0
0,3,11,3,2,0,6,9999.0
0,4,16,0,2,0,6,19999.0
1,3,5,4,2,1,6,2900.0
0,4,15,3,2,0,6,9990.0
0,1,16,0,2,0,6,39699.0
0,1,15,0,1,0,6,32726.8
0,3,15,0,1,0,6,41149.29
0,1,9,0,3,0,6,241199.0
0,4,9,0,3,0,6,65799.0
0,4,5,3,2,0,6,11499.0
0,1,1,0,2,0,4,38799.0
0,4,12,0,2,0,3,21500.0
0,4,15,3,2,0,1,7999.0
0,4,15,3,2,0,2,7650.0
0,3,10,3,2,1,6,9446.52
0,4,15,0,2,0,6,35000.0
0,4,22,3,2,0,2,9799.0
0,4,22,0,2,0,3,9999.0
0,3,15,4,2,0,6,5799.0
0,4,13,3,2,0,2,9499.0
0,4,15,0,2,0,3,9914.76
0,4,17,0,2,1,6,18900.0
0,4,17,3,2,0,6,11550.0
0,4,22,3,2,0,2,9489.0
0,3,15,4,2,1,1,5499.0
0,1,5,0,2,0,6,17997.0
0,1,6,3,2,1,6,3138.16
0,4,1,3,2,1,2,9852.0
0,3,17,4,2,1,1,3299.0
0,4,15,0,2,0,6,22499.0
0,4,17,0,2,0,6,12375.0
1,1,23,3,2,0,6,44696.06
0,4,17,0,2,1,3,15999.0
0,4,15,0,4,0,6,43800.0
0,3,15,0,1,0,6,22016.44
0,3,5,0,2,0,6,6299.0
0,4,5,3,2,0,6,8199.0
1,3,5,3,0,1,6,3326.09
0,4,22,0,2,0,3,17800.0
0,4,8,4,0,0,6,22999.0
0,4,4,3,2,0,2,9848.0
0,4,22,0,2,0,3,9599.0
0,3,5,4,2,1,6,6637.0
1,4,5,3,0,0,6,3280.0
0,4,4,3,2,0,2,12498.0
1,4,5,3,0,0,6,3.0
1,3,15,3,2,1,6,5881.4
0,3,11,3,2,0,6,6799.0
0,3,3,3,4,0,6,6406.99
1,4,5,3,0,0,6,1100.0
0,3,18,3,2,1,0,4589.0
0,3,15,4,2,1,1,4589.0
0,3,15,3,2,0,2,6990.0
0,4,5,0,2,0,6,12998.0
0,3,15,0,1,0,6,25660.79
0,4,4,0,2,0,6,15999.0
0,1,15,0,3,0,6,51999.0
0,4,8,3,2,0,3,19999.0
0,3,5,4,2,1,6,3999.0
1,3,23,3,2,1,6,3650.0
1,3,15,3,2,1,2,2999.0
0,4,16,0,4,0,6,39900.0
0,3,5,4,2,0,1,4990.0
0,3,15,0,1,0,6,25026.03
0,1,15,0,1,0,6,43093.22
0,3,15,0,1,0,6,44186.25
0,1,4,0,2,0,3,26549.0
0,4,4,0,2,0,6,18500.0
0,4,17,0,1,0,3,18275.0
0,1,4,0,2,0,3,28999.0
0,1,17,0,2,0,6,26000.0
0,4,4,3,0,0,6,10899.0
0,4,15,3,2,0,2,9600.0
0,1,15,0,2,0,3,23500.0
0,4,15,3,2,0,3,13999.0
0,4,15,3,2,1,2,6600.0
0,3,22,4,2,1,6,4399.0
1,4,5,3,0,0,6,1660.0
0,4,5,0,0,0,6,23500.0
0,3,15,4,2,1,1,4090.0
0,4,15,4,2,1,1,6399.0
1,4,15,3,2,0,2,12000.0
0,4,15,3,2,0,2,8800.0
0,4,15,0,3,0,6,38799.0
0,1,4,0,0,0,3,30199.0
0,4,22,0,2,0,3,11999.0
0,4,15,4,2,0,6,11500.0
0,4,5,3,2,1,6,6799.0
1,3,5,3,2,1,6,4605.0
0,4,5,3,2,0,6,7500.0
1,4,15,3,2,1,6,14950.0
1,3,15,3,2,1,6,5132.96
0,4,15,3,2,0,2,7999.0
0,4,15,3,2,0,6,7700.0
0,4,5,0,0,0,6,16999.0
0,4,15,0,2,0,6,16999.0
0,4,15,0,2,0,3,17999.0
0,3,15,4,2,0,1,4899.0
0,4,15,0,2,0,6,15149.0
0,4,15,0,2,0,2,9499.0
1,4,15,3,1,1,6,8899.0
1,1,16,0,4,0,6,77999.0
0,4,12,0,2,0,6,49999.0
0,3,15,4,2,0,1,5500.0
1,4,15,0,2,0,6,11199.0
0,3,15,0,1,0,6,1352.7
0,4,22,0,4,0,6,15999.0
0,4,9,0,3,0,6,54999.0
1,1,15,0,2,1,6,56000.0
1,4,5,3,0,0,6,8322.93
1,4,5,3,2,0,6,4539.0
0,3,5,4,0,1,6,210.5
1,3,15,3,2,1,6,63209.1
0,3,7,4,2,1,6,5580.0
0,4,15,3,2,0,2,11900.0
1,4,5,3,0,0,6,6950.0
0,4,15,0,2,0,3,10599.0
0,4,15,3,2,1,6,9000.0
0,4,7,3,2,1,2,6999.0
0,4,15,0,2,0,3,14500.0
0,4,15,3,1,1,2,9616.0
0,3,5,3,2,0,6,6000.0
0,4,15,0,2,0,6,13299.0
1,4,5,0,0,0,6,16499.0
0,1,1,0,2,0,6,27899.0
0,1,16,0,4,0,3,63299.0
0,4,4,0,0,0,6,17269.0
0,4,17,0,2,0,3,12899.0
0,4,15,3,1,0,6,9789.0
0,3,22,4,2,1,1,5599.0
0,1,15,0,5,0,3,110000.0
0,4,22,0,4,0,6,16999.0
0,4,22,3,2,1,2,10499.0
